group,metric,mean,std,min,max,avg_time_sec,wilcoxon_p_vs_G3,seed_start,n_runs
G1,HV,3.536108,0.001230,3.533264,3.538103,4.871,0.0000,42,30
G1,GD+,0.035839,0.023611,0.006113,0.116036,4.871,0.0000,42,30
G1,IGD+,0.005826,0.002503,0.002163,0.012657,4.871,0.0000,42,30
G2,HV,3.537119,0.001048,3.533972,3.538623,5.841,0.0000,42,30
G2,GD+,0.005167,0.002999,0.000530,0.011379,5.841,0.0345,42,30
G2,IGD+,0.002121,0.001038,0.000494,0.005619,5.841,0.0000,42,30
G3,HV,0.010034,0.000623,0.009503,0.011923,11.559,nan,42,30
G3,GD+,0.009723,0.008263,0.000000,0.040390,11.559,nan,42,30
G3,IGD+,0.012849,0.004010,0.006035,0.016832,11.559,nan,42,30
